{
    "path_history": [
        [
            1750809069.2568178,
            0.0,
            0.0
        ],
        [
            1750809069.8620076,
            0.075,
            1.845
        ],
        [
            1750809070.474977,
            0.275,
            7.335
        ],
        [
            1750809071.0919964,
            0.65,
            16.56
        ],
        [
            1750809071.715318,
            1.15,
            29.835
        ],
        [
            1750809072.3483152,
            1.825,
            47.25
        ],
        [
            1750809072.9629998,
            2.65,
            68.265
        ],
        [
            1750809073.5702236,
            3.575,
            92.025
        ],
        [
            1750809074.1901865,
            4.725,
            121.185
        ],
        [
            1750809074.8314478,
            6.0,
            154.395
        ],
        [
            1750809075.4755554,
            7.5,
            192.78
        ],
        [
            1750809076.1043596,
            9.1,
            233.685
        ],
        [
            1750809076.7073047,
            10.75,
            276.435
        ],
        [
            1750809077.3582234,
            12.675,
            325.755
        ],
        [
            1750809077.9695086,
            14.725,
            378.765
        ],
        [
            1750809078.6047213,
            16.925,
            435.375
        ],
        [
            1750809079.238617,
            19.3,
            496.17
        ],
        [
            1750809079.8037512,
            21.575,
            554.49
        ],
        [
            1750809080.3773608,
            23.95,
            615.915
        ],
        [
            1750809080.9527338,
            26.475,
            680.985
        ],
        [
            1750809081.5538688,
            29.3,
            753.21
        ],
        [
            1750809082.1906822,
            32.375,
            832.725
        ],
        [
            1750809082.7815835,
            35.4,
            910.485
        ],
        [
            1750809084.0257695,
            0.0,
            0.0
        ]
    ],
    "grbl_command_log": [
        [
            1750809069.2582839,
            14.0,
            360,
            8316.017702849742
        ],
        [
            1750809069.8620076,
            28.0,
            720,
            8228.05310854923
        ],
        [
            1750809070.474977,
            42.0,
            1080,
            8140.088514248714
        ],
        [
            1750809071.095421,
            52.47197551196598,
            1349.2793703076966,
            8063.207535761493
        ],
        [
            1750809071.7166612,
            60.85403026045304,
            1564.817920983078,
            8003.975852804694
        ],
        [
            1750809072.3611503,
            68.08153794762092,
            1750.668118653109,
            7954.936966131089
        ],
        [
            1750809072.9658,
            74.54177643167151,
            1916.7885368144098,
            7911.935643315387
        ],
        [
            1750809073.5782392,
            80.44213181031925,
            2068.5119608367804,
            7873.103692442327
        ],
        [
            1750809074.198205,
            85.90970162236331,
            2209.106613146485,
            7837.390302176692
        ],
        [
            1750809074.8357162,
            91.02929770053291,
            2340.7533694422746,
            7804.12973959366
        ],
        [
            1750809075.4755554,
            95.86096160009957,
            2464.9961554311317,
            7772.866934353641
        ],
        [
            1750809076.1116352,
            100.44909595803944,
            2582.976753206728,
            7743.273765349561
        ],
        [
            1750809076.7073047,
            104.82766171124739,
            2695.568444003504,
            7715.104046153436
        ],
        [
            1750809077.3638422,
            109.02333835158001,
            2803.457271897771,
            7688.1672692397915
        ],
        [
            1750809077.9798203,
            113.05754770668362,
            2907.1940838861497,
            7662.312319856647
        ],
        [
            1750809078.606951,
            116.94780519434511,
            3007.2292764260164,
            7637.4168730398005
        ],
        [
            1750809081.5538688,
            120.7086536409805,
            3103.9368079109263,
            7613.380214844776
        ]
    ]
}